{"cameraMode":{"drawMode":0,"name":"Shaded","section":"Shading Mode"},"sceneLighting":true,"audioPlay":false,"sceneViewState":{"showFog":true,"showMaterialUpdate":false,"showSkybox":true,"showFlares":true,"showImageEffects":true,"showParticleSystems":true},"in2DMode":false,"pivot":{"x":-15.673773765563965,"y":14.679548263549805,"z":-36.05454635620117},"rotation":{"x":0.033305320888757709,"y":0.3976331949234009,"z":-0.014443721622228623,"w":0.9168393611907959},"size":14.548306465148926,"orthographic":false}